T3BlbnF1YWtlSGF6YXJkU29sdXRpb246MTMyODU0MA==,0,3991
T3BlbnF1YWtlSGF6YXJkU29sdXRpb246MTMyODU0MA==,1,3991
T3BlbnF1YWtlSGF6YXJkU29sdXRpb246MTMyODU0MA==,2,3991
T3BlbnF1YWtlSGF6YXJkU29sdXRpb246MTMyODU0MA==,3,3991
T3BlbnF1YWtlSGF6YXJkU29sdXRpb246MTMyODU0MA==,4,3991
T3BlbnF1YWtlSGF6YXJkU29sdXRpb246MTMyODU0MA==,5,3991
T3BlbnF1YWtlSGF6YXJkU29sdXRpb246MTMyODU0MA==,6,3991
T3BlbnF1YWtlSGF6YXJkU29sdXRpb246MTMyODU0MA==,7,3991
T3BlbnF1YWtlSGF6YXJkU29sdXRpb246MTMyODU0MA==,8,3991
T3BlbnF1YWtlSGF6YXJkU29sdXRpb246MTMyODU0MA==,9,3991
T3BlbnF1YWtlSGF6YXJkU29sdXRpb246MTMyODU0MA==,10,3991
T3BlbnF1YWtlSGF6YXJkU29sdXRpb246MTMyODU0MA==,11,3991
T3BlbnF1YWtlSGF6YXJkU29sdXRpb246MTMyODU0MA==,12,3991
T3BlbnF1YWtlSGF6YXJkU29sdXRpb246MTMyODU0MA==,13,3991
T3BlbnF1YWtlSGF6YXJkU29sdXRpb246MTMyODU0MA==,14,3991
T3BlbnF1YWtlSGF6YXJkU29sdXRpb246MTMyODU0MA==,15,3991
T3BlbnF1YWtlSGF6YXJkU29sdXRpb246MTMyODU0MA==,16,3991
T3BlbnF1YWtlSGF6YXJkU29sdXRpb246MTMyODU0MA==,17,3991
T3BlbnF1YWtlSGF6YXJkU29sdXRpb246MTMyODU0MA==,18,3991
T3BlbnF1YWtlSGF6YXJkU29sdXRpb246MTMyODU0MA==,19,3991
T3BlbnF1YWtlSGF6YXJkU29sdXRpb246MTMyODU0MA==,20,3991
T3BlbnF1YWtlSGF6YXJkU29sdXRpb246MTMyODU0MQ==,0,3991
T3BlbnF1YWtlSGF6YXJkU29sdXRpb246MTMyODU0MQ==,1,3991
T3BlbnF1YWtlSGF6YXJkU29sdXRpb246MTMyODU0MQ==,2,3991
T3BlbnF1YWtlSGF6YXJkU29sdXRpb246MTMyODU0MQ==,3,3991
T3BlbnF1YWtlSGF6YXJkU29sdXRpb246MTMyODU0MQ==,4,3991
T3BlbnF1YWtlSGF6YXJkU29sdXRpb246MTMyODU0MQ==,5,3991
T3BlbnF1YWtlSGF6YXJkU29sdXRpb246MTMyODU0MQ==,6,3991
T3BlbnF1YWtlSGF6YXJkU29sdXRpb246MTMyODU0MQ==,7,3991
T3BlbnF1YWtlSGF6YXJkU29sdXRpb246MTMyODU0MQ==,8,3991
T3BlbnF1YWtlSGF6YXJkU29sdXRpb246MTMyODU0MQ==,9,3991
T3BlbnF1YWtlSGF6YXJkU29sdXRpb246MTMyODU0MQ==,10,3991
T3BlbnF1YWtlSGF6YXJkU29sdXRpb246MTMyODU0MQ==,11,3991
T3BlbnF1YWtlSGF6YXJkU29sdXRpb246MTMyODU0MQ==,12,3991
T3BlbnF1YWtlSGF6YXJkU29sdXRpb246MTMyODU0MQ==,13,3991
T3BlbnF1YWtlSGF6YXJkU29sdXRpb246MTMyODU0MQ==,14,3991
T3BlbnF1YWtlSGF6YXJkU29sdXRpb246MTMyODU0MQ==,15,3991
T3BlbnF1YWtlSGF6YXJkU29sdXRpb246MTMyODU0MQ==,16,3991
T3BlbnF1YWtlSGF6YXJkU29sdXRpb246MTMyODU0MQ==,17,3991
T3BlbnF1YWtlSGF6YXJkU29sdXRpb246MTMyODU0MQ==,18,3991
T3BlbnF1YWtlSGF6YXJkU29sdXRpb246MTMyODU0MQ==,19,3991
T3BlbnF1YWtlSGF6YXJkU29sdXRpb246MTMyODU0MQ==,20,3991
T3BlbnF1YWtlSGF6YXJkU29sdXRpb246MTMyODU0Mg==,0,3991
T3BlbnF1YWtlSGF6YXJkU29sdXRpb246MTMyODU0Mg==,1,3991
T3BlbnF1YWtlSGF6YXJkU29sdXRpb246MTMyODU0Mg==,2,3991
T3BlbnF1YWtlSGF6YXJkU29sdXRpb246MTMyODU0Mg==,3,3991
T3BlbnF1YWtlSGF6YXJkU29sdXRpb246MTMyODU0Mg==,4,3991
T3BlbnF1YWtlSGF6YXJkU29sdXRpb246MTMyODU0Mg==,5,3991
T3BlbnF1YWtlSGF6YXJkU29sdXRpb246MTMyODU0Mg==,6,3991
T3BlbnF1YWtlSGF6YXJkU29sdXRpb246MTMyODU0Mg==,7,3991
T3BlbnF1YWtlSGF6YXJkU29sdXRpb246MTMyODU0Mg==,8,3991
T3BlbnF1YWtlSGF6YXJkU29sdXRpb246MTMyODU0Mg==,9,3991
T3BlbnF1YWtlSGF6YXJkU29sdXRpb246MTMyODU0Mg==,10,3991
T3BlbnF1YWtlSGF6YXJkU29sdXRpb246MTMyODU0Mg==,11,3991
T3BlbnF1YWtlSGF6YXJkU29sdXRpb246MTMyODU0Mg==,12,3991
T3BlbnF1YWtlSGF6YXJkU29sdXRpb246MTMyODU0Mg==,13,3991
T3BlbnF1YWtlSGF6YXJkU29sdXRpb246MTMyODU0Mg==,14,3991
T3BlbnF1YWtlSGF6YXJkU29sdXRpb246MTMyODU0Mg==,15,3991
T3BlbnF1YWtlSGF6YXJkU29sdXRpb246MTMyODU0Mg==,16,3991
T3BlbnF1YWtlSGF6YXJkU29sdXRpb246MTMyODU0Mg==,17,3991
T3BlbnF1YWtlSGF6YXJkU29sdXRpb246MTMyODU0Mg==,18,3991
T3BlbnF1YWtlSGF6YXJkU29sdXRpb246MTMyODU0Mg==,19,3991
T3BlbnF1YWtlSGF6YXJkU29sdXRpb246MTMyODU0Mg==,20,3991
T3BlbnF1YWtlSGF6YXJkU29sdXRpb246MTMyODU0Mw==,0,3991
T3BlbnF1YWtlSGF6YXJkU29sdXRpb246MTMyODU0Mw==,1,3991
T3BlbnF1YWtlSGF6YXJkU29sdXRpb246MTMyODU0Mw==,2,3991
T3BlbnF1YWtlSGF6YXJkU29sdXRpb246MTMyODU0Mw==,3,3991
T3BlbnF1YWtlSGF6YXJkU29sdXRpb246MTMyODU0Mw==,4,3991
T3BlbnF1YWtlSGF6YXJkU29sdXRpb246MTMyODU0Mw==,5,3991
T3BlbnF1YWtlSGF6YXJkU29sdXRpb246MTMyODU0Mw==,6,3991
T3BlbnF1YWtlSGF6YXJkU29sdXRpb246MTMyODU0Mw==,7,3991
T3BlbnF1YWtlSGF6YXJkU29sdXRpb246MTMyODU0Mw==,8,3991
T3BlbnF1YWtlSGF6YXJkU29sdXRpb246MTMyODU0Mw==,9,3991
T3BlbnF1YWtlSGF6YXJkU29sdXRpb246MTMyODU0Mw==,10,3991
T3BlbnF1YWtlSGF6YXJkU29sdXRpb246MTMyODU0Mw==,11,3991
T3BlbnF1YWtlSGF6YXJkU29sdXRpb246MTMyODU0Mw==,12,3991
T3BlbnF1YWtlSGF6YXJkU29sdXRpb246MTMyODU0Mw==,13,3991
T3BlbnF1YWtlSGF6YXJkU29sdXRpb246MTMyODU0Mw==,14,3991
T3BlbnF1YWtlSGF6YXJkU29sdXRpb246MTMyODU0Mw==,15,3991
T3BlbnF1YWtlSGF6YXJkU29sdXRpb246MTMyODU0Mw==,16,3991
T3BlbnF1YWtlSGF6YXJkU29sdXRpb246MTMyODU0Mw==,17,3991
T3BlbnF1YWtlSGF6YXJkU29sdXRpb246MTMyODU0Mw==,18,3991
T3BlbnF1YWtlSGF6YXJkU29sdXRpb246MTMyODU0Mw==,19,3991
T3BlbnF1YWtlSGF6YXJkU29sdXRpb246MTMyODU0Mw==,20,3991
T3BlbnF1YWtlSGF6YXJkU29sdXRpb246MTMyODU0NA==,0,3991
T3BlbnF1YWtlSGF6YXJkU29sdXRpb246MTMyODU0NA==,1,3991
T3BlbnF1YWtlSGF6YXJkU29sdXRpb246MTMyODU0NA==,2,3991
T3BlbnF1YWtlSGF6YXJkU29sdXRpb246MTMyODU0NA==,3,3991
T3BlbnF1YWtlSGF6YXJkU29sdXRpb246MTMyODU0NA==,4,3991
T3BlbnF1YWtlSGF6YXJkU29sdXRpb246MTMyODU0NA==,5,3991
T3BlbnF1YWtlSGF6YXJkU29sdXRpb246MTMyODU0NA==,6,3991
T3BlbnF1YWtlSGF6YXJkU29sdXRpb246MTMyODU0NA==,7,3991
T3BlbnF1YWtlSGF6YXJkU29sdXRpb246MTMyODU0NA==,8,3991
T3BlbnF1YWtlSGF6YXJkU29sdXRpb246MTMyODU0NA==,9,3991
T3BlbnF1YWtlSGF6YXJkU29sdXRpb246MTMyODU0NA==,10,3991
T3BlbnF1YWtlSGF6YXJkU29sdXRpb246MTMyODU0NA==,11,3991
T3BlbnF1YWtlSGF6YXJkU29sdXRpb246MTMyODU0NA==,12,3991
T3BlbnF1YWtlSGF6YXJkU29sdXRpb246MTMyODU0NA==,13,3991
T3BlbnF1YWtlSGF6YXJkU29sdXRpb246MTMyODU0NA==,14,3991
T3BlbnF1YWtlSGF6YXJkU29sdXRpb246MTMyODU0NA==,15,3991
T3BlbnF1YWtlSGF6YXJkU29sdXRpb246MTMyODU0NA==,16,3991
T3BlbnF1YWtlSGF6YXJkU29sdXRpb246MTMyODU0NA==,17,3991
T3BlbnF1YWtlSGF6YXJkU29sdXRpb246MTMyODU0NA==,18,3991
T3BlbnF1YWtlSGF6YXJkU29sdXRpb246MTMyODU0NA==,19,3991
T3BlbnF1YWtlSGF6YXJkU29sdXRpb246MTMyODU0NA==,20,3991
T3BlbnF1YWtlSGF6YXJkU29sdXRpb246MTMyODU0NQ==,0,3991
T3BlbnF1YWtlSGF6YXJkU29sdXRpb246MTMyODU0NQ==,1,3991
T3BlbnF1YWtlSGF6YXJkU29sdXRpb246MTMyODU0NQ==,2,3991
T3BlbnF1YWtlSGF6YXJkU29sdXRpb246MTMyODU0NQ==,3,3991
T3BlbnF1YWtlSGF6YXJkU29sdXRpb246MTMyODU0NQ==,4,3991
T3BlbnF1YWtlSGF6YXJkU29sdXRpb246MTMyODU0NQ==,5,3991
T3BlbnF1YWtlSGF6YXJkU29sdXRpb246MTMyODU0NQ==,6,3991
T3BlbnF1YWtlSGF6YXJkU29sdXRpb246MTMyODU0NQ==,7,3991
T3BlbnF1YWtlSGF6YXJkU29sdXRpb246MTMyODU0NQ==,8,3991
T3BlbnF1YWtlSGF6YXJkU29sdXRpb246MTMyODU0NQ==,9,3991
T3BlbnF1YWtlSGF6YXJkU29sdXRpb246MTMyODU0NQ==,10,3991
T3BlbnF1YWtlSGF6YXJkU29sdXRpb246MTMyODU0NQ==,11,3991
T3BlbnF1YWtlSGF6YXJkU29sdXRpb246MTMyODU0NQ==,12,3991
T3BlbnF1YWtlSGF6YXJkU29sdXRpb246MTMyODU0NQ==,13,3991
T3BlbnF1YWtlSGF6YXJkU29sdXRpb246MTMyODU0NQ==,14,3991
T3BlbnF1YWtlSGF6YXJkU29sdXRpb246MTMyODU0NQ==,15,3991
T3BlbnF1YWtlSGF6YXJkU29sdXRpb246MTMyODU0NQ==,16,3991
T3BlbnF1YWtlSGF6YXJkU29sdXRpb246MTMyODU0NQ==,17,3991
T3BlbnF1YWtlSGF6YXJkU29sdXRpb246MTMyODU0NQ==,18,3991
T3BlbnF1YWtlSGF6YXJkU29sdXRpb246MTMyODU0NQ==,19,3991
T3BlbnF1YWtlSGF6YXJkU29sdXRpb246MTMyODU0NQ==,20,3991
T3BlbnF1YWtlSGF6YXJkU29sdXRpb246MTMyODU0Ng==,0,3991
T3BlbnF1YWtlSGF6YXJkU29sdXRpb246MTMyODU0Ng==,1,3991
T3BlbnF1YWtlSGF6YXJkU29sdXRpb246MTMyODU0Ng==,2,3991
T3BlbnF1YWtlSGF6YXJkU29sdXRpb246MTMyODU0Ng==,3,3991
T3BlbnF1YWtlSGF6YXJkU29sdXRpb246MTMyODU0Ng==,4,3991
T3BlbnF1YWtlSGF6YXJkU29sdXRpb246MTMyODU0Ng==,5,3991
T3BlbnF1YWtlSGF6YXJkU29sdXRpb246MTMyODU0Ng==,6,3991
T3BlbnF1YWtlSGF6YXJkU29sdXRpb246MTMyODU0Ng==,7,3991
T3BlbnF1YWtlSGF6YXJkU29sdXRpb246MTMyODU0Ng==,8,3991
T3BlbnF1YWtlSGF6YXJkU29sdXRpb246MTMyODU0Ng==,9,3991
T3BlbnF1YWtlSGF6YXJkU29sdXRpb246MTMyODU0Ng==,10,3991
T3BlbnF1YWtlSGF6YXJkU29sdXRpb246MTMyODU0Ng==,11,3991
T3BlbnF1YWtlSGF6YXJkU29sdXRpb246MTMyODU0Ng==,12,3991
T3BlbnF1YWtlSGF6YXJkU29sdXRpb246MTMyODU0Ng==,13,3991
T3BlbnF1YWtlSGF6YXJkU29sdXRpb246MTMyODU0Ng==,14,3991
T3BlbnF1YWtlSGF6YXJkU29sdXRpb246MTMyODU0Ng==,15,3991
T3BlbnF1YWtlSGF6YXJkU29sdXRpb246MTMyODU0Ng==,16,3991
T3BlbnF1YWtlSGF6YXJkU29sdXRpb246MTMyODU0Ng==,17,3991
T3BlbnF1YWtlSGF6YXJkU29sdXRpb246MTMyODU0Ng==,18,3991
T3BlbnF1YWtlSGF6YXJkU29sdXRpb246MTMyODU0Ng==,19,3991
T3BlbnF1YWtlSGF6YXJkU29sdXRpb246MTMyODU0Ng==,20,3991
T3BlbnF1YWtlSGF6YXJkU29sdXRpb246MTMyODU0Nw==,0,3991
T3BlbnF1YWtlSGF6YXJkU29sdXRpb246MTMyODU0Nw==,1,3991
T3BlbnF1YWtlSGF6YXJkU29sdXRpb246MTMyODU0Nw==,2,3991
T3BlbnF1YWtlSGF6YXJkU29sdXRpb246MTMyODU0Nw==,3,3991
T3BlbnF1YWtlSGF6YXJkU29sdXRpb246MTMyODU0Nw==,4,3991
T3BlbnF1YWtlSGF6YXJkU29sdXRpb246MTMyODU0Nw==,5,3991
T3BlbnF1YWtlSGF6YXJkU29sdXRpb246MTMyODU0Nw==,6,3991
T3BlbnF1YWtlSGF6YXJkU29sdXRpb246MTMyODU0Nw==,7,3991
T3BlbnF1YWtlSGF6YXJkU29sdXRpb246MTMyODU0Nw==,8,3991
T3BlbnF1YWtlSGF6YXJkU29sdXRpb246MTMyODU0Nw==,9,3991
T3BlbnF1YWtlSGF6YXJkU29sdXRpb246MTMyODU0Nw==,10,3991
T3BlbnF1YWtlSGF6YXJkU29sdXRpb246MTMyODU0Nw==,11,3991
T3BlbnF1YWtlSGF6YXJkU29sdXRpb246MTMyODU0Nw==,12,3991
T3BlbnF1YWtlSGF6YXJkU29sdXRpb246MTMyODU0Nw==,13,3991
T3BlbnF1YWtlSGF6YXJkU29sdXRpb246MTMyODU0Nw==,14,3991
T3BlbnF1YWtlSGF6YXJkU29sdXRpb246MTMyODU0Nw==,15,3991
T3BlbnF1YWtlSGF6YXJkU29sdXRpb246MTMyODU0Nw==,16,3991
T3BlbnF1YWtlSGF6YXJkU29sdXRpb246MTMyODU0Nw==,17,3991
T3BlbnF1YWtlSGF6YXJkU29sdXRpb246MTMyODU0Nw==,18,3991
T3BlbnF1YWtlSGF6YXJkU29sdXRpb246MTMyODU0Nw==,19,3991
T3BlbnF1YWtlSGF6YXJkU29sdXRpb246MTMyODU0Nw==,20,3991
T3BlbnF1YWtlSGF6YXJkU29sdXRpb246MTMyODU0OA==,0,3991
T3BlbnF1YWtlSGF6YXJkU29sdXRpb246MTMyODU0OA==,1,3991
T3BlbnF1YWtlSGF6YXJkU29sdXRpb246MTMyODU0OA==,2,3991
T3BlbnF1YWtlSGF6YXJkU29sdXRpb246MTMyODU0OA==,3,3991
T3BlbnF1YWtlSGF6YXJkU29sdXRpb246MTMyODU0OA==,4,3991
T3BlbnF1YWtlSGF6YXJkU29sdXRpb246MTMyODU0OA==,5,3991
T3BlbnF1YWtlSGF6YXJkU29sdXRpb246MTMyODU0OA==,6,3991
T3BlbnF1YWtlSGF6YXJkU29sdXRpb246MTMyODU0OA==,7,3991
T3BlbnF1YWtlSGF6YXJkU29sdXRpb246MTMyODU0OA==,8,3991
T3BlbnF1YWtlSGF6YXJkU29sdXRpb246MTMyODU0OA==,9,3991
T3BlbnF1YWtlSGF6YXJkU29sdXRpb246MTMyODU0OA==,10,3991
T3BlbnF1YWtlSGF6YXJkU29sdXRpb246MTMyODU0OA==,11,3991
T3BlbnF1YWtlSGF6YXJkU29sdXRpb246MTMyODU0OA==,12,3991
T3BlbnF1YWtlSGF6YXJkU29sdXRpb246MTMyODU0OA==,13,3991
T3BlbnF1YWtlSGF6YXJkU29sdXRpb246MTMyODU0OA==,14,3991
T3BlbnF1YWtlSGF6YXJkU29sdXRpb246MTMyODU0OA==,15,3991
T3BlbnF1YWtlSGF6YXJkU29sdXRpb246MTMyODU0OA==,16,3991
T3BlbnF1YWtlSGF6YXJkU29sdXRpb246MTMyODU0OA==,17,3991
T3BlbnF1YWtlSGF6YXJkU29sdXRpb246MTMyODU0OA==,18,3991
T3BlbnF1YWtlSGF6YXJkU29sdXRpb246MTMyODU0OA==,19,3991
T3BlbnF1YWtlSGF6YXJkU29sdXRpb246MTMyODU0OA==,20,3991
T3BlbnF1YWtlSGF6YXJkU29sdXRpb246MTMyODU0OQ==,0,3991
T3BlbnF1YWtlSGF6YXJkU29sdXRpb246MTMyODU0OQ==,1,3991
T3BlbnF1YWtlSGF6YXJkU29sdXRpb246MTMyODU0OQ==,2,3991
T3BlbnF1YWtlSGF6YXJkU29sdXRpb246MTMyODU0OQ==,3,3991
T3BlbnF1YWtlSGF6YXJkU29sdXRpb246MTMyODU0OQ==,4,3991
T3BlbnF1YWtlSGF6YXJkU29sdXRpb246MTMyODU0OQ==,5,3991
T3BlbnF1YWtlSGF6YXJkU29sdXRpb246MTMyODU0OQ==,6,3991
T3BlbnF1YWtlSGF6YXJkU29sdXRpb246MTMyODU0OQ==,7,3991
T3BlbnF1YWtlSGF6YXJkU29sdXRpb246MTMyODU0OQ==,8,3991
T3BlbnF1YWtlSGF6YXJkU29sdXRpb246MTMyODU0OQ==,9,3991
T3BlbnF1YWtlSGF6YXJkU29sdXRpb246MTMyODU0OQ==,10,3991
T3BlbnF1YWtlSGF6YXJkU29sdXRpb246MTMyODU0OQ==,11,3991
T3BlbnF1YWtlSGF6YXJkU29sdXRpb246MTMyODU0OQ==,12,3991
T3BlbnF1YWtlSGF6YXJkU29sdXRpb246MTMyODU0OQ==,13,3991
T3BlbnF1YWtlSGF6YXJkU29sdXRpb246MTMyODU0OQ==,14,3991
T3BlbnF1YWtlSGF6YXJkU29sdXRpb246MTMyODU0OQ==,15,3991
T3BlbnF1YWtlSGF6YXJkU29sdXRpb246MTMyODU0OQ==,16,3991
T3BlbnF1YWtlSGF6YXJkU29sdXRpb246MTMyODU0OQ==,17,3991
T3BlbnF1YWtlSGF6YXJkU29sdXRpb246MTMyODU0OQ==,18,3991
T3BlbnF1YWtlSGF6YXJkU29sdXRpb246MTMyODU0OQ==,19,3991
T3BlbnF1YWtlSGF6YXJkU29sdXRpb246MTMyODU0OQ==,20,3991
T3BlbnF1YWtlSGF6YXJkU29sdXRpb246MTMyODU1MA==,0,3991
T3BlbnF1YWtlSGF6YXJkU29sdXRpb246MTMyODU1MA==,1,3991
T3BlbnF1YWtlSGF6YXJkU29sdXRpb246MTMyODU1MA==,2,3991
T3BlbnF1YWtlSGF6YXJkU29sdXRpb246MTMyODU1MA==,3,3991
T3BlbnF1YWtlSGF6YXJkU29sdXRpb246MTMyODU1MA==,4,3991
T3BlbnF1YWtlSGF6YXJkU29sdXRpb246MTMyODU1MA==,5,3991
T3BlbnF1YWtlSGF6YXJkU29sdXRpb246MTMyODU1MA==,6,3991
T3BlbnF1YWtlSGF6YXJkU29sdXRpb246MTMyODU1MA==,7,3991
T3BlbnF1YWtlSGF6YXJkU29sdXRpb246MTMyODU1MA==,8,3991
T3BlbnF1YWtlSGF6YXJkU29sdXRpb246MTMyODU1MA==,9,3991
T3BlbnF1YWtlSGF6YXJkU29sdXRpb246MTMyODU1MA==,10,3991
T3BlbnF1YWtlSGF6YXJkU29sdXRpb246MTMyODU1MA==,11,3991
T3BlbnF1YWtlSGF6YXJkU29sdXRpb246MTMyODU1MA==,12,3991
T3BlbnF1YWtlSGF6YXJkU29sdXRpb246MTMyODU1MA==,13,3991
T3BlbnF1YWtlSGF6YXJkU29sdXRpb246MTMyODU1MA==,14,3991
T3BlbnF1YWtlSGF6YXJkU29sdXRpb246MTMyODU1MA==,15,3991
T3BlbnF1YWtlSGF6YXJkU29sdXRpb246MTMyODU1MA==,16,3991
T3BlbnF1YWtlSGF6YXJkU29sdXRpb246MTMyODU1MA==,17,3991
T3BlbnF1YWtlSGF6YXJkU29sdXRpb246MTMyODU1MA==,18,3991
T3BlbnF1YWtlSGF6YXJkU29sdXRpb246MTMyODU1MA==,19,3991
T3BlbnF1YWtlSGF6YXJkU29sdXRpb246MTMyODU1MA==,20,3991
T3BlbnF1YWtlSGF6YXJkU29sdXRpb246MTMyODU1MQ==,0,3991
T3BlbnF1YWtlSGF6YXJkU29sdXRpb246MTMyODU1MQ==,1,3991
T3BlbnF1YWtlSGF6YXJkU29sdXRpb246MTMyODU1MQ==,2,3991
T3BlbnF1YWtlSGF6YXJkU29sdXRpb246MTMyODU1MQ==,3,3991
T3BlbnF1YWtlSGF6YXJkU29sdXRpb246MTMyODU1MQ==,4,3991
T3BlbnF1YWtlSGF6YXJkU29sdXRpb246MTMyODU1MQ==,5,3991
T3BlbnF1YWtlSGF6YXJkU29sdXRpb246MTMyODU1MQ==,6,3991
T3BlbnF1YWtlSGF6YXJkU29sdXRpb246MTMyODU1MQ==,7,3991
T3BlbnF1YWtlSGF6YXJkU29sdXRpb246MTMyODU1MQ==,8,3991
T3BlbnF1YWtlSGF6YXJkU29sdXRpb246MTMyODU1MQ==,9,3991
T3BlbnF1YWtlSGF6YXJkU29sdXRpb246MTMyODU1MQ==,10,3991
T3BlbnF1YWtlSGF6YXJkU29sdXRpb246MTMyODU1MQ==,11,3991
T3BlbnF1YWtlSGF6YXJkU29sdXRpb246MTMyODU1MQ==,12,3991
T3BlbnF1YWtlSGF6YXJkU29sdXRpb246MTMyODU1MQ==,13,3991
T3BlbnF1YWtlSGF6YXJkU29sdXRpb246MTMyODU1MQ==,14,3991
T3BlbnF1YWtlSGF6YXJkU29sdXRpb246MTMyODU1MQ==,15,3991
T3BlbnF1YWtlSGF6YXJkU29sdXRpb246MTMyODU1MQ==,16,3991
T3BlbnF1YWtlSGF6YXJkU29sdXRpb246MTMyODU1MQ==,17,3991
T3BlbnF1YWtlSGF6YXJkU29sdXRpb246MTMyODU1MQ==,18,3991
T3BlbnF1YWtlSGF6YXJkU29sdXRpb246MTMyODU1MQ==,19,3991
T3BlbnF1YWtlSGF6YXJkU29sdXRpb246MTMyODU1MQ==,20,3991
T3BlbnF1YWtlSGF6YXJkU29sdXRpb246MTMyODU1Mg==,0,3991
T3BlbnF1YWtlSGF6YXJkU29sdXRpb246MTMyODU1Mg==,1,3991
T3BlbnF1YWtlSGF6YXJkU29sdXRpb246MTMyODU1Mg==,2,3991
T3BlbnF1YWtlSGF6YXJkU29sdXRpb246MTMyODU1Mg==,3,3991
T3BlbnF1YWtlSGF6YXJkU29sdXRpb246MTMyODU1Mg==,4,3991
T3BlbnF1YWtlSGF6YXJkU29sdXRpb246MTMyODU1Mg==,5,3991
T3BlbnF1YWtlSGF6YXJkU29sdXRpb246MTMyODU1Mg==,6,3991
T3BlbnF1YWtlSGF6YXJkU29sdXRpb246MTMyODU1Mg==,7,3991
T3BlbnF1YWtlSGF6YXJkU29sdXRpb246MTMyODU1Mg==,8,3991
T3BlbnF1YWtlSGF6YXJkU29sdXRpb246MTMyODU1Mg==,9,3991
T3BlbnF1YWtlSGF6YXJkU29sdXRpb246MTMyODU1Mg==,10,3991
T3BlbnF1YWtlSGF6YXJkU29sdXRpb246MTMyODU1Mg==,11,3991
T3BlbnF1YWtlSGF6YXJkU29sdXRpb246MTMyODU1Mg==,12,3991
T3BlbnF1YWtlSGF6YXJkU29sdXRpb246MTMyODU1Mg==,13,3991
T3BlbnF1YWtlSGF6YXJkU29sdXRpb246MTMyODU1Mg==,14,3991
T3BlbnF1YWtlSGF6YXJkU29sdXRpb246MTMyODU1Mg==,15,3991
T3BlbnF1YWtlSGF6YXJkU29sdXRpb246MTMyODU1Mg==,16,3991
T3BlbnF1YWtlSGF6YXJkU29sdXRpb246MTMyODU1Mg==,17,3991
T3BlbnF1YWtlSGF6YXJkU29sdXRpb246MTMyODU1Mg==,18,3991
T3BlbnF1YWtlSGF6YXJkU29sdXRpb246MTMyODU1Mg==,19,3991
T3BlbnF1YWtlSGF6YXJkU29sdXRpb246MTMyODU1Mg==,20,3991
T3BlbnF1YWtlSGF6YXJkU29sdXRpb246MTMyODU1Mw==,0,3991
T3BlbnF1YWtlSGF6YXJkU29sdXRpb246MTMyODU1Mw==,1,3991
T3BlbnF1YWtlSGF6YXJkU29sdXRpb246MTMyODU1Mw==,2,3991
T3BlbnF1YWtlSGF6YXJkU29sdXRpb246MTMyODU1Mw==,3,3991
T3BlbnF1YWtlSGF6YXJkU29sdXRpb246MTMyODU1Mw==,4,3991
T3BlbnF1YWtlSGF6YXJkU29sdXRpb246MTMyODU1Mw==,5,3991
T3BlbnF1YWtlSGF6YXJkU29sdXRpb246MTMyODU1Mw==,6,3991
T3BlbnF1YWtlSGF6YXJkU29sdXRpb246MTMyODU1Mw==,7,3991
T3BlbnF1YWtlSGF6YXJkU29sdXRpb246MTMyODU1Mw==,8,3991
T3BlbnF1YWtlSGF6YXJkU29sdXRpb246MTMyODU1Mw==,9,3991
T3BlbnF1YWtlSGF6YXJkU29sdXRpb246MTMyODU1Mw==,10,3991
T3BlbnF1YWtlSGF6YXJkU29sdXRpb246MTMyODU1Mw==,11,3991
T3BlbnF1YWtlSGF6YXJkU29sdXRpb246MTMyODU1Mw==,12,3991
T3BlbnF1YWtlSGF6YXJkU29sdXRpb246MTMyODU1Mw==,13,3991
T3BlbnF1YWtlSGF6YXJkU29sdXRpb246MTMyODU1Mw==,14,3991
T3BlbnF1YWtlSGF6YXJkU29sdXRpb246MTMyODU1Mw==,15,3991
T3BlbnF1YWtlSGF6YXJkU29sdXRpb246MTMyODU1Mw==,16,3991
T3BlbnF1YWtlSGF6YXJkU29sdXRpb246MTMyODU1Mw==,17,3991
T3BlbnF1YWtlSGF6YXJkU29sdXRpb246MTMyODU1Mw==,18,3991
T3BlbnF1YWtlSGF6YXJkU29sdXRpb246MTMyODU1Mw==,19,3991
T3BlbnF1YWtlSGF6YXJkU29sdXRpb246MTMyODU1Mw==,20,3991
T3BlbnF1YWtlSGF6YXJkU29sdXRpb246MTMyODU1NA==,0,3991
T3BlbnF1YWtlSGF6YXJkU29sdXRpb246MTMyODU1NA==,1,3991
T3BlbnF1YWtlSGF6YXJkU29sdXRpb246MTMyODU1NA==,2,3991
T3BlbnF1YWtlSGF6YXJkU29sdXRpb246MTMyODU1NA==,3,3991
T3BlbnF1YWtlSGF6YXJkU29sdXRpb246MTMyODU1NA==,4,3991
T3BlbnF1YWtlSGF6YXJkU29sdXRpb246MTMyODU1NA==,5,3991
T3BlbnF1YWtlSGF6YXJkU29sdXRpb246MTMyODU1NA==,6,3991
T3BlbnF1YWtlSGF6YXJkU29sdXRpb246MTMyODU1NA==,7,3991
T3BlbnF1YWtlSGF6YXJkU29sdXRpb246MTMyODU1NA==,8,3991
T3BlbnF1YWtlSGF6YXJkU29sdXRpb246MTMyODU1NA==,9,3991
T3BlbnF1YWtlSGF6YXJkU29sdXRpb246MTMyODU1NA==,10,3991
T3BlbnF1YWtlSGF6YXJkU29sdXRpb246MTMyODU1NA==,11,3991
T3BlbnF1YWtlSGF6YXJkU29sdXRpb246MTMyODU1NA==,12,3991
T3BlbnF1YWtlSGF6YXJkU29sdXRpb246MTMyODU1NA==,13,3991
T3BlbnF1YWtlSGF6YXJkU29sdXRpb246MTMyODU1NA==,14,3991
T3BlbnF1YWtlSGF6YXJkU29sdXRpb246MTMyODU1NA==,15,3991
T3BlbnF1YWtlSGF6YXJkU29sdXRpb246MTMyODU1NA==,16,3991
T3BlbnF1YWtlSGF6YXJkU29sdXRpb246MTMyODU1NA==,17,3991
T3BlbnF1YWtlSGF6YXJkU29sdXRpb246MTMyODU1NA==,18,3991
T3BlbnF1YWtlSGF6YXJkU29sdXRpb246MTMyODU1NA==,19,3991
T3BlbnF1YWtlSGF6YXJkU29sdXRpb246MTMyODU1NA==,20,3991
T3BlbnF1YWtlSGF6YXJkU29sdXRpb246MTMyODU1NQ==,0,3991
T3BlbnF1YWtlSGF6YXJkU29sdXRpb246MTMyODU1NQ==,1,3991
T3BlbnF1YWtlSGF6YXJkU29sdXRpb246MTMyODU1NQ==,2,3991
T3BlbnF1YWtlSGF6YXJkU29sdXRpb246MTMyODU1NQ==,3,3991
T3BlbnF1YWtlSGF6YXJkU29sdXRpb246MTMyODU1NQ==,4,3991
T3BlbnF1YWtlSGF6YXJkU29sdXRpb246MTMyODU1NQ==,5,3991
T3BlbnF1YWtlSGF6YXJkU29sdXRpb246MTMyODU1NQ==,6,3991
T3BlbnF1YWtlSGF6YXJkU29sdXRpb246MTMyODU1NQ==,7,3991
T3BlbnF1YWtlSGF6YXJkU29sdXRpb246MTMyODU1NQ==,8,3991
T3BlbnF1YWtlSGF6YXJkU29sdXRpb246MTMyODU1NQ==,9,3991
T3BlbnF1YWtlSGF6YXJkU29sdXRpb246MTMyODU1NQ==,10,3991
T3BlbnF1YWtlSGF6YXJkU29sdXRpb246MTMyODU1NQ==,11,3991
T3BlbnF1YWtlSGF6YXJkU29sdXRpb246MTMyODU1NQ==,12,3991
T3BlbnF1YWtlSGF6YXJkU29sdXRpb246MTMyODU1NQ==,13,3991
T3BlbnF1YWtlSGF6YXJkU29sdXRpb246MTMyODU1NQ==,14,3991
T3BlbnF1YWtlSGF6YXJkU29sdXRpb246MTMyODU1NQ==,15,3991
T3BlbnF1YWtlSGF6YXJkU29sdXRpb246MTMyODU1NQ==,16,3991
T3BlbnF1YWtlSGF6YXJkU29sdXRpb246MTMyODU1NQ==,17,3991
T3BlbnF1YWtlSGF6YXJkU29sdXRpb246MTMyODU1NQ==,18,3991
T3BlbnF1YWtlSGF6YXJkU29sdXRpb246MTMyODU1NQ==,19,3991
T3BlbnF1YWtlSGF6YXJkU29sdXRpb246MTMyODU1NQ==,20,3991
T3BlbnF1YWtlSGF6YXJkU29sdXRpb246MTMyODU1Ng==,0,3991
T3BlbnF1YWtlSGF6YXJkU29sdXRpb246MTMyODU1Ng==,1,3991
T3BlbnF1YWtlSGF6YXJkU29sdXRpb246MTMyODU1Ng==,2,3991
T3BlbnF1YWtlSGF6YXJkU29sdXRpb246MTMyODU1Ng==,3,3991
T3BlbnF1YWtlSGF6YXJkU29sdXRpb246MTMyODU1Ng==,4,3991
T3BlbnF1YWtlSGF6YXJkU29sdXRpb246MTMyODU1Ng==,5,3991
T3BlbnF1YWtlSGF6YXJkU29sdXRpb246MTMyODU1Ng==,6,3991
T3BlbnF1YWtlSGF6YXJkU29sdXRpb246MTMyODU1Ng==,7,3991
T3BlbnF1YWtlSGF6YXJkU29sdXRpb246MTMyODU1Ng==,8,3991
T3BlbnF1YWtlSGF6YXJkU29sdXRpb246MTMyODU1Ng==,9,3991
T3BlbnF1YWtlSGF6YXJkU29sdXRpb246MTMyODU1Ng==,10,3991
T3BlbnF1YWtlSGF6YXJkU29sdXRpb246MTMyODU1Ng==,11,3991
T3BlbnF1YWtlSGF6YXJkU29sdXRpb246MTMyODU1Ng==,12,3991
T3BlbnF1YWtlSGF6YXJkU29sdXRpb246MTMyODU1Ng==,13,3991
T3BlbnF1YWtlSGF6YXJkU29sdXRpb246MTMyODU1Ng==,14,3991
T3BlbnF1YWtlSGF6YXJkU29sdXRpb246MTMyODU1Ng==,15,3991
T3BlbnF1YWtlSGF6YXJkU29sdXRpb246MTMyODU1Ng==,16,3991
T3BlbnF1YWtlSGF6YXJkU29sdXRpb246MTMyODU1Ng==,17,3991
T3BlbnF1YWtlSGF6YXJkU29sdXRpb246MTMyODU1Ng==,18,3991
T3BlbnF1YWtlSGF6YXJkU29sdXRpb246MTMyODU1Ng==,19,3991
T3BlbnF1YWtlSGF6YXJkU29sdXRpb246MTMyODU1Ng==,20,3991
T3BlbnF1YWtlSGF6YXJkU29sdXRpb246MTMyODU1Nw==,0,3991
T3BlbnF1YWtlSGF6YXJkU29sdXRpb246MTMyODU1Nw==,1,3991
T3BlbnF1YWtlSGF6YXJkU29sdXRpb246MTMyODU1Nw==,2,3991
T3BlbnF1YWtlSGF6YXJkU29sdXRpb246MTMyODU1Nw==,3,3991
T3BlbnF1YWtlSGF6YXJkU29sdXRpb246MTMyODU1Nw==,4,3991
T3BlbnF1YWtlSGF6YXJkU29sdXRpb246MTMyODU1Nw==,5,3991
T3BlbnF1YWtlSGF6YXJkU29sdXRpb246MTMyODU1Nw==,6,3991
T3BlbnF1YWtlSGF6YXJkU29sdXRpb246MTMyODU1Nw==,7,3991
T3BlbnF1YWtlSGF6YXJkU29sdXRpb246MTMyODU1Nw==,8,3991
T3BlbnF1YWtlSGF6YXJkU29sdXRpb246MTMyODU1Nw==,9,3991
T3BlbnF1YWtlSGF6YXJkU29sdXRpb246MTMyODU1Nw==,10,3991
T3BlbnF1YWtlSGF6YXJkU29sdXRpb246MTMyODU1Nw==,11,3991
T3BlbnF1YWtlSGF6YXJkU29sdXRpb246MTMyODU1Nw==,12,3991
T3BlbnF1YWtlSGF6YXJkU29sdXRpb246MTMyODU1Nw==,13,3991
T3BlbnF1YWtlSGF6YXJkU29sdXRpb246MTMyODU1Nw==,14,3991
T3BlbnF1YWtlSGF6YXJkU29sdXRpb246MTMyODU1Nw==,15,3991
T3BlbnF1YWtlSGF6YXJkU29sdXRpb246MTMyODU1Nw==,16,3991
T3BlbnF1YWtlSGF6YXJkU29sdXRpb246MTMyODU1Nw==,17,3991
T3BlbnF1YWtlSGF6YXJkU29sdXRpb246MTMyODU1Nw==,18,3991
T3BlbnF1YWtlSGF6YXJkU29sdXRpb246MTMyODU1Nw==,19,3991
T3BlbnF1YWtlSGF6YXJkU29sdXRpb246MTMyODU1Nw==,20,3991
T3BlbnF1YWtlSGF6YXJkU29sdXRpb246MTMyODU1OA==,0,3991
T3BlbnF1YWtlSGF6YXJkU29sdXRpb246MTMyODU1OA==,1,3991
T3BlbnF1YWtlSGF6YXJkU29sdXRpb246MTMyODU1OA==,2,3991
T3BlbnF1YWtlSGF6YXJkU29sdXRpb246MTMyODU1OA==,3,3991
T3BlbnF1YWtlSGF6YXJkU29sdXRpb246MTMyODU1OA==,4,3991
T3BlbnF1YWtlSGF6YXJkU29sdXRpb246MTMyODU1OA==,5,3991
T3BlbnF1YWtlSGF6YXJkU29sdXRpb246MTMyODU1OA==,6,3991
T3BlbnF1YWtlSGF6YXJkU29sdXRpb246MTMyODU1OA==,7,3991
T3BlbnF1YWtlSGF6YXJkU29sdXRpb246MTMyODU1OA==,8,3991
T3BlbnF1YWtlSGF6YXJkU29sdXRpb246MTMyODU1OA==,9,3991
T3BlbnF1YWtlSGF6YXJkU29sdXRpb246MTMyODU1OA==,10,3991
T3BlbnF1YWtlSGF6YXJkU29sdXRpb246MTMyODU1OA==,11,3991
T3BlbnF1YWtlSGF6YXJkU29sdXRpb246MTMyODU1OA==,12,3991
T3BlbnF1YWtlSGF6YXJkU29sdXRpb246MTMyODU1OA==,13,3991
T3BlbnF1YWtlSGF6YXJkU29sdXRpb246MTMyODU1OA==,14,3991
T3BlbnF1YWtlSGF6YXJkU29sdXRpb246MTMyODU1OA==,15,3991
T3BlbnF1YWtlSGF6YXJkU29sdXRpb246MTMyODU1OA==,16,3991
T3BlbnF1YWtlSGF6YXJkU29sdXRpb246MTMyODU1OA==,17,3991
T3BlbnF1YWtlSGF6YXJkU29sdXRpb246MTMyODU1OA==,18,3991
T3BlbnF1YWtlSGF6YXJkU29sdXRpb246MTMyODU1OA==,19,3991
T3BlbnF1YWtlSGF6YXJkU29sdXRpb246MTMyODU1OA==,20,3991
T3BlbnF1YWtlSGF6YXJkU29sdXRpb246MTMyODU1OQ==,0,3991
T3BlbnF1YWtlSGF6YXJkU29sdXRpb246MTMyODU1OQ==,1,3991
T3BlbnF1YWtlSGF6YXJkU29sdXRpb246MTMyODU1OQ==,2,3991
T3BlbnF1YWtlSGF6YXJkU29sdXRpb246MTMyODU1OQ==,3,3991
T3BlbnF1YWtlSGF6YXJkU29sdXRpb246MTMyODU1OQ==,4,3991
T3BlbnF1YWtlSGF6YXJkU29sdXRpb246MTMyODU1OQ==,5,3991
T3BlbnF1YWtlSGF6YXJkU29sdXRpb246MTMyODU1OQ==,6,3991
T3BlbnF1YWtlSGF6YXJkU29sdXRpb246MTMyODU1OQ==,7,3991
T3BlbnF1YWtlSGF6YXJkU29sdXRpb246MTMyODU1OQ==,8,3991
T3BlbnF1YWtlSGF6YXJkU29sdXRpb246MTMyODU1OQ==,9,3991
T3BlbnF1YWtlSGF6YXJkU29sdXRpb246MTMyODU1OQ==,10,3991
T3BlbnF1YWtlSGF6YXJkU29sdXRpb246MTMyODU1OQ==,11,3991
T3BlbnF1YWtlSGF6YXJkU29sdXRpb246MTMyODU1OQ==,12,3991
T3BlbnF1YWtlSGF6YXJkU29sdXRpb246MTMyODU1OQ==,13,3991
T3BlbnF1YWtlSGF6YXJkU29sdXRpb246MTMyODU1OQ==,14,3991
T3BlbnF1YWtlSGF6YXJkU29sdXRpb246MTMyODU1OQ==,15,3991
T3BlbnF1YWtlSGF6YXJkU29sdXRpb246MTMyODU1OQ==,16,3991
T3BlbnF1YWtlSGF6YXJkU29sdXRpb246MTMyODU1OQ==,17,3991
T3BlbnF1YWtlSGF6YXJkU29sdXRpb246MTMyODU1OQ==,18,3991
T3BlbnF1YWtlSGF6YXJkU29sdXRpb246MTMyODU1OQ==,19,3991
T3BlbnF1YWtlSGF6YXJkU29sdXRpb246MTMyODU1OQ==,20,3991
T3BlbnF1YWtlSGF6YXJkU29sdXRpb246MTMyODU2MA==,0,3991
T3BlbnF1YWtlSGF6YXJkU29sdXRpb246MTMyODU2MA==,1,3991
T3BlbnF1YWtlSGF6YXJkU29sdXRpb246MTMyODU2MA==,2,3991
T3BlbnF1YWtlSGF6YXJkU29sdXRpb246MTMyODU2MA==,3,3991
T3BlbnF1YWtlSGF6YXJkU29sdXRpb246MTMyODU2MA==,4,3991
T3BlbnF1YWtlSGF6YXJkU29sdXRpb246MTMyODU2MA==,5,3991
T3BlbnF1YWtlSGF6YXJkU29sdXRpb246MTMyODU2MA==,6,3991
T3BlbnF1YWtlSGF6YXJkU29sdXRpb246MTMyODU2MA==,7,3991
T3BlbnF1YWtlSGF6YXJkU29sdXRpb246MTMyODU2MA==,8,3991
T3BlbnF1YWtlSGF6YXJkU29sdXRpb246MTMyODU2MA==,9,3991
T3BlbnF1YWtlSGF6YXJkU29sdXRpb246MTMyODU2MA==,10,3991
T3BlbnF1YWtlSGF6YXJkU29sdXRpb246MTMyODU2MA==,11,3991
T3BlbnF1YWtlSGF6YXJkU29sdXRpb246MTMyODU2MQ==,0,3991
T3BlbnF1YWtlSGF6YXJkU29sdXRpb246MTMyODU2MQ==,1,3991
T3BlbnF1YWtlSGF6YXJkU29sdXRpb246MTMyODU2MQ==,2,3991
T3BlbnF1YWtlSGF6YXJkU29sdXRpb246MTMyODU2MQ==,3,3991
T3BlbnF1YWtlSGF6YXJkU29sdXRpb246MTMyODU2MQ==,4,3991
T3BlbnF1YWtlSGF6YXJkU29sdXRpb246MTMyODU2MQ==,5,3991
T3BlbnF1YWtlSGF6YXJkU29sdXRpb246MTMyODU2MQ==,6,3991
T3BlbnF1YWtlSGF6YXJkU29sdXRpb246MTMyODU2MQ==,7,3991
T3BlbnF1YWtlSGF6YXJkU29sdXRpb246MTMyODU2MQ==,8,3991
T3BlbnF1YWtlSGF6YXJkU29sdXRpb246MTMyODU2MQ==,9,3991
T3BlbnF1YWtlSGF6YXJkU29sdXRpb246MTMyODU2MQ==,10,3991
T3BlbnF1YWtlSGF6YXJkU29sdXRpb246MTMyODU2MQ==,11,3991
T3BlbnF1YWtlSGF6YXJkU29sdXRpb246MTMyODU2MQ==,12,3991
T3BlbnF1YWtlSGF6YXJkU29sdXRpb246MTMyODU2MQ==,13,3991
T3BlbnF1YWtlSGF6YXJkU29sdXRpb246MTMyODU2MQ==,14,3991
T3BlbnF1YWtlSGF6YXJkU29sdXRpb246MTMyODU2MQ==,15,3991
T3BlbnF1YWtlSGF6YXJkU29sdXRpb246MTMyODU2MQ==,16,3991
T3BlbnF1YWtlSGF6YXJkU29sdXRpb246MTMyODU2MQ==,17,3991
T3BlbnF1YWtlSGF6YXJkU29sdXRpb246MTMyODU2MQ==,18,3991
T3BlbnF1YWtlSGF6YXJkU29sdXRpb246MTMyODU2MQ==,19,3991
T3BlbnF1YWtlSGF6YXJkU29sdXRpb246MTMyODU2MQ==,20,3991
T3BlbnF1YWtlSGF6YXJkU29sdXRpb246MTMyODUxMw==,0,3991
T3BlbnF1YWtlSGF6YXJkU29sdXRpb246MTMyODUxMw==,1,3991
T3BlbnF1YWtlSGF6YXJkU29sdXRpb246MTMyODUxMw==,2,3991
T3BlbnF1YWtlSGF6YXJkU29sdXRpb246MTMyODUxMw==,3,3991
T3BlbnF1YWtlSGF6YXJkU29sdXRpb246MTMyODUxMw==,4,3991
T3BlbnF1YWtlSGF6YXJkU29sdXRpb246MTMyODUxMw==,5,3991
T3BlbnF1YWtlSGF6YXJkU29sdXRpb246MTMyODUxMw==,6,3991
T3BlbnF1YWtlSGF6YXJkU29sdXRpb246MTMyODUxMw==,7,3991
T3BlbnF1YWtlSGF6YXJkU29sdXRpb246MTMyODUxMw==,8,3991
T3BlbnF1YWtlSGF6YXJkU29sdXRpb246MTMyODUxMw==,9,3991
T3BlbnF1YWtlSGF6YXJkU29sdXRpb246MTMyODUxMw==,10,3991
T3BlbnF1YWtlSGF6YXJkU29sdXRpb246MTMyODUxMw==,11,3991
T3BlbnF1YWtlSGF6YXJkU29sdXRpb246MTMyODUxNA==,0,3991
T3BlbnF1YWtlSGF6YXJkU29sdXRpb246MTMyODUxNA==,1,3991
T3BlbnF1YWtlSGF6YXJkU29sdXRpb246MTMyODUxNA==,2,3991
T3BlbnF1YWtlSGF6YXJkU29sdXRpb246MTMyODUxNA==,3,3991
T3BlbnF1YWtlSGF6YXJkU29sdXRpb246MTMyODUxNA==,4,3991
T3BlbnF1YWtlSGF6YXJkU29sdXRpb246MTMyODUxNA==,5,3991
T3BlbnF1YWtlSGF6YXJkU29sdXRpb246MTMyODUxNA==,6,3991
T3BlbnF1YWtlSGF6YXJkU29sdXRpb246MTMyODUxNA==,7,3991
T3BlbnF1YWtlSGF6YXJkU29sdXRpb246MTMyODUxNA==,8,3991
T3BlbnF1YWtlSGF6YXJkU29sdXRpb246MTMyODUxNA==,9,3991
T3BlbnF1YWtlSGF6YXJkU29sdXRpb246MTMyODUxNA==,10,3991
T3BlbnF1YWtlSGF6YXJkU29sdXRpb246MTMyODUxNA==,11,3991
T3BlbnF1YWtlSGF6YXJkU29sdXRpb246MTMyODUxNQ==,0,3991
T3BlbnF1YWtlSGF6YXJkU29sdXRpb246MTMyODUxNQ==,1,3991
T3BlbnF1YWtlSGF6YXJkU29sdXRpb246MTMyODUxNQ==,2,3991
T3BlbnF1YWtlSGF6YXJkU29sdXRpb246MTMyODUxNQ==,3,3991
T3BlbnF1YWtlSGF6YXJkU29sdXRpb246MTMyODUxNQ==,4,3991
T3BlbnF1YWtlSGF6YXJkU29sdXRpb246MTMyODUxNQ==,5,3991
T3BlbnF1YWtlSGF6YXJkU29sdXRpb246MTMyODUxNQ==,6,3991
T3BlbnF1YWtlSGF6YXJkU29sdXRpb246MTMyODUxNQ==,7,3991
T3BlbnF1YWtlSGF6YXJkU29sdXRpb246MTMyODUxNQ==,8,3991
T3BlbnF1YWtlSGF6YXJkU29sdXRpb246MTMyODUxNQ==,9,3991
T3BlbnF1YWtlSGF6YXJkU29sdXRpb246MTMyODUxNQ==,10,3991
T3BlbnF1YWtlSGF6YXJkU29sdXRpb246MTMyODUxNQ==,11,3991
T3BlbnF1YWtlSGF6YXJkU29sdXRpb246MTMyODUxNg==,0,3991
T3BlbnF1YWtlSGF6YXJkU29sdXRpb246MTMyODUxNg==,1,3991
T3BlbnF1YWtlSGF6YXJkU29sdXRpb246MTMyODUxNg==,2,3991
T3BlbnF1YWtlSGF6YXJkU29sdXRpb246MTMyODUxNg==,3,3991
T3BlbnF1YWtlSGF6YXJkU29sdXRpb246MTMyODUxNg==,4,3991
T3BlbnF1YWtlSGF6YXJkU29sdXRpb246MTMyODUxNg==,5,3991
T3BlbnF1YWtlSGF6YXJkU29sdXRpb246MTMyODUxNg==,6,3991
T3BlbnF1YWtlSGF6YXJkU29sdXRpb246MTMyODUxNg==,7,3991
T3BlbnF1YWtlSGF6YXJkU29sdXRpb246MTMyODUxNg==,8,3991
T3BlbnF1YWtlSGF6YXJkU29sdXRpb246MTMyODUxNg==,9,3991
T3BlbnF1YWtlSGF6YXJkU29sdXRpb246MTMyODUxNg==,10,3991
T3BlbnF1YWtlSGF6YXJkU29sdXRpb246MTMyODUxNg==,11,3991
T3BlbnF1YWtlSGF6YXJkU29sdXRpb246MTMyODUxNw==,0,3991
T3BlbnF1YWtlSGF6YXJkU29sdXRpb246MTMyODUxNw==,1,3991
T3BlbnF1YWtlSGF6YXJkU29sdXRpb246MTMyODUxNw==,2,3991
T3BlbnF1YWtlSGF6YXJkU29sdXRpb246MTMyODUxNw==,3,3991
T3BlbnF1YWtlSGF6YXJkU29sdXRpb246MTMyODUxNw==,4,3991
T3BlbnF1YWtlSGF6YXJkU29sdXRpb246MTMyODUxNw==,5,3991
T3BlbnF1YWtlSGF6YXJkU29sdXRpb246MTMyODUxNw==,6,3991
T3BlbnF1YWtlSGF6YXJkU29sdXRpb246MTMyODUxNw==,7,3991
T3BlbnF1YWtlSGF6YXJkU29sdXRpb246MTMyODUxNw==,8,3991
T3BlbnF1YWtlSGF6YXJkU29sdXRpb246MTMyODUxNw==,9,3991
T3BlbnF1YWtlSGF6YXJkU29sdXRpb246MTMyODUxNw==,10,3991
T3BlbnF1YWtlSGF6YXJkU29sdXRpb246MTMyODUxNw==,11,3991
T3BlbnF1YWtlSGF6YXJkU29sdXRpb246MTMyODUxOA==,0,3991
T3BlbnF1YWtlSGF6YXJkU29sdXRpb246MTMyODUxOA==,1,3991
T3BlbnF1YWtlSGF6YXJkU29sdXRpb246MTMyODUxOA==,2,3991
T3BlbnF1YWtlSGF6YXJkU29sdXRpb246MTMyODUxOA==,3,3991
T3BlbnF1YWtlSGF6YXJkU29sdXRpb246MTMyODUxOA==,4,3991
T3BlbnF1YWtlSGF6YXJkU29sdXRpb246MTMyODUxOA==,5,3991
T3BlbnF1YWtlSGF6YXJkU29sdXRpb246MTMyODUxOA==,6,3991
T3BlbnF1YWtlSGF6YXJkU29sdXRpb246MTMyODUxOA==,7,3991
T3BlbnF1YWtlSGF6YXJkU29sdXRpb246MTMyODUxOA==,8,3991
T3BlbnF1YWtlSGF6YXJkU29sdXRpb246MTMyODUxOA==,9,3991
T3BlbnF1YWtlSGF6YXJkU29sdXRpb246MTMyODUxOA==,10,3991
T3BlbnF1YWtlSGF6YXJkU29sdXRpb246MTMyODUxOA==,11,3991
T3BlbnF1YWtlSGF6YXJkU29sdXRpb246MTMyODUxOQ==,0,3991
T3BlbnF1YWtlSGF6YXJkU29sdXRpb246MTMyODUxOQ==,1,3991
T3BlbnF1YWtlSGF6YXJkU29sdXRpb246MTMyODUxOQ==,2,3991
T3BlbnF1YWtlSGF6YXJkU29sdXRpb246MTMyODUxOQ==,3,3991
T3BlbnF1YWtlSGF6YXJkU29sdXRpb246MTMyODUxOQ==,4,3991
T3BlbnF1YWtlSGF6YXJkU29sdXRpb246MTMyODUxOQ==,5,3991
T3BlbnF1YWtlSGF6YXJkU29sdXRpb246MTMyODUxOQ==,6,3991
T3BlbnF1YWtlSGF6YXJkU29sdXRpb246MTMyODUxOQ==,7,3991
T3BlbnF1YWtlSGF6YXJkU29sdXRpb246MTMyODUxOQ==,8,3991
T3BlbnF1YWtlSGF6YXJkU29sdXRpb246MTMyODUxOQ==,9,3991
T3BlbnF1YWtlSGF6YXJkU29sdXRpb246MTMyODUxOQ==,10,3991
T3BlbnF1YWtlSGF6YXJkU29sdXRpb246MTMyODUxOQ==,11,3991
T3BlbnF1YWtlSGF6YXJkU29sdXRpb246MTMyODUyMA==,0,3991
T3BlbnF1YWtlSGF6YXJkU29sdXRpb246MTMyODUyMA==,1,3991
T3BlbnF1YWtlSGF6YXJkU29sdXRpb246MTMyODUyMA==,2,3991
T3BlbnF1YWtlSGF6YXJkU29sdXRpb246MTMyODUyMA==,3,3991
T3BlbnF1YWtlSGF6YXJkU29sdXRpb246MTMyODUyMA==,4,3991
T3BlbnF1YWtlSGF6YXJkU29sdXRpb246MTMyODUyMA==,5,3991
T3BlbnF1YWtlSGF6YXJkU29sdXRpb246MTMyODUyMA==,6,3991
T3BlbnF1YWtlSGF6YXJkU29sdXRpb246MTMyODUyMA==,7,3991
T3BlbnF1YWtlSGF6YXJkU29sdXRpb246MTMyODUyMA==,8,3991
T3BlbnF1YWtlSGF6YXJkU29sdXRpb246MTMyODUyMA==,9,3991
T3BlbnF1YWtlSGF6YXJkU29sdXRpb246MTMyODUyMA==,10,3991
T3BlbnF1YWtlSGF6YXJkU29sdXRpb246MTMyODUyMA==,11,3991
T3BlbnF1YWtlSGF6YXJkU29sdXRpb246MTMyODUyMQ==,0,3991
T3BlbnF1YWtlSGF6YXJkU29sdXRpb246MTMyODUyMQ==,1,3991
T3BlbnF1YWtlSGF6YXJkU29sdXRpb246MTMyODUyMQ==,2,3991
T3BlbnF1YWtlSGF6YXJkU29sdXRpb246MTMyODUyMQ==,3,3991
T3BlbnF1YWtlSGF6YXJkU29sdXRpb246MTMyODUyMQ==,4,3991
T3BlbnF1YWtlSGF6YXJkU29sdXRpb246MTMyODUyMQ==,5,3991
T3BlbnF1YWtlSGF6YXJkU29sdXRpb246MTMyODUyMQ==,6,3991
T3BlbnF1YWtlSGF6YXJkU29sdXRpb246MTMyODUyMQ==,7,3991
T3BlbnF1YWtlSGF6YXJkU29sdXRpb246MTMyODUyMQ==,8,3991
T3BlbnF1YWtlSGF6YXJkU29sdXRpb246MTMyODUyMQ==,9,3991
T3BlbnF1YWtlSGF6YXJkU29sdXRpb246MTMyODUyMQ==,10,3991
T3BlbnF1YWtlSGF6YXJkU29sdXRpb246MTMyODUyMQ==,11,3991
T3BlbnF1YWtlSGF6YXJkU29sdXRpb246MTMyODUyMg==,0,3991
T3BlbnF1YWtlSGF6YXJkU29sdXRpb246MTMyODUyMg==,1,3991
T3BlbnF1YWtlSGF6YXJkU29sdXRpb246MTMyODUyMg==,2,3991
T3BlbnF1YWtlSGF6YXJkU29sdXRpb246MTMyODUyMg==,3,3991
T3BlbnF1YWtlSGF6YXJkU29sdXRpb246MTMyODUyMg==,4,3991
T3BlbnF1YWtlSGF6YXJkU29sdXRpb246MTMyODUyMg==,5,3991
T3BlbnF1YWtlSGF6YXJkU29sdXRpb246MTMyODUyMg==,6,3991
T3BlbnF1YWtlSGF6YXJkU29sdXRpb246MTMyODUyMg==,7,3991
T3BlbnF1YWtlSGF6YXJkU29sdXRpb246MTMyODUyMg==,8,3991
T3BlbnF1YWtlSGF6YXJkU29sdXRpb246MTMyODUyMg==,9,3991
T3BlbnF1YWtlSGF6YXJkU29sdXRpb246MTMyODUyMg==,10,3991
T3BlbnF1YWtlSGF6YXJkU29sdXRpb246MTMyODUyMg==,11,3991
T3BlbnF1YWtlSGF6YXJkU29sdXRpb246MTMyODUyMw==,0,3991
T3BlbnF1YWtlSGF6YXJkU29sdXRpb246MTMyODUyMw==,1,3991
T3BlbnF1YWtlSGF6YXJkU29sdXRpb246MTMyODUyMw==,2,3991
T3BlbnF1YWtlSGF6YXJkU29sdXRpb246MTMyODUyMw==,3,3991
T3BlbnF1YWtlSGF6YXJkU29sdXRpb246MTMyODUyMw==,4,3991
T3BlbnF1YWtlSGF6YXJkU29sdXRpb246MTMyODUyMw==,5,3991
T3BlbnF1YWtlSGF6YXJkU29sdXRpb246MTMyODUyMw==,6,3991
T3BlbnF1YWtlSGF6YXJkU29sdXRpb246MTMyODUyMw==,7,3991
T3BlbnF1YWtlSGF6YXJkU29sdXRpb246MTMyODUyMw==,8,3991
T3BlbnF1YWtlSGF6YXJkU29sdXRpb246MTMyODUyMw==,9,3991
T3BlbnF1YWtlSGF6YXJkU29sdXRpb246MTMyODUyMw==,10,3991
T3BlbnF1YWtlSGF6YXJkU29sdXRpb246MTMyODUyMw==,11,3991
T3BlbnF1YWtlSGF6YXJkU29sdXRpb246MTMyODUyNA==,0,3991
T3BlbnF1YWtlSGF6YXJkU29sdXRpb246MTMyODUyNA==,1,3991
T3BlbnF1YWtlSGF6YXJkU29sdXRpb246MTMyODUyNA==,2,3991
T3BlbnF1YWtlSGF6YXJkU29sdXRpb246MTMyODUyNA==,3,3991
T3BlbnF1YWtlSGF6YXJkU29sdXRpb246MTMyODUyNA==,4,3991
T3BlbnF1YWtlSGF6YXJkU29sdXRpb246MTMyODUyNA==,5,3991
T3BlbnF1YWtlSGF6YXJkU29sdXRpb246MTMyODUyNA==,6,3991
T3BlbnF1YWtlSGF6YXJkU29sdXRpb246MTMyODUyNA==,7,3991
T3BlbnF1YWtlSGF6YXJkU29sdXRpb246MTMyODUyNA==,8,3991
T3BlbnF1YWtlSGF6YXJkU29sdXRpb246MTMyODUyNA==,9,3991
T3BlbnF1YWtlSGF6YXJkU29sdXRpb246MTMyODUyNA==,10,3991
T3BlbnF1YWtlSGF6YXJkU29sdXRpb246MTMyODUyNA==,11,3991
T3BlbnF1YWtlSGF6YXJkU29sdXRpb246MTMyODUyNQ==,0,3991
T3BlbnF1YWtlSGF6YXJkU29sdXRpb246MTMyODUyNQ==,1,3991
T3BlbnF1YWtlSGF6YXJkU29sdXRpb246MTMyODUyNQ==,2,3991
T3BlbnF1YWtlSGF6YXJkU29sdXRpb246MTMyODUyNQ==,3,3991
T3BlbnF1YWtlSGF6YXJkU29sdXRpb246MTMyODUyNQ==,4,3991
T3BlbnF1YWtlSGF6YXJkU29sdXRpb246MTMyODUyNQ==,5,3991
T3BlbnF1YWtlSGF6YXJkU29sdXRpb246MTMyODUyNQ==,6,3991
T3BlbnF1YWtlSGF6YXJkU29sdXRpb246MTMyODUyNQ==,7,3991
T3BlbnF1YWtlSGF6YXJkU29sdXRpb246MTMyODUyNQ==,8,3991
T3BlbnF1YWtlSGF6YXJkU29sdXRpb246MTMyODUyNQ==,9,3991
T3BlbnF1YWtlSGF6YXJkU29sdXRpb246MTMyODUyNQ==,10,3991
T3BlbnF1YWtlSGF6YXJkU29sdXRpb246MTMyODUyNQ==,11,3991
T3BlbnF1YWtlSGF6YXJkU29sdXRpb246MTMyODUyNQ==,12,3991
T3BlbnF1YWtlSGF6YXJkU29sdXRpb246MTMyODUyNQ==,13,3991
T3BlbnF1YWtlSGF6YXJkU29sdXRpb246MTMyODUyNQ==,14,3991
T3BlbnF1YWtlSGF6YXJkU29sdXRpb246MTMyODUyNQ==,15,3991
T3BlbnF1YWtlSGF6YXJkU29sdXRpb246MTMyODUyNQ==,16,3991
T3BlbnF1YWtlSGF6YXJkU29sdXRpb246MTMyODUyNQ==,17,3991
T3BlbnF1YWtlSGF6YXJkU29sdXRpb246MTMyODUyNQ==,18,3991
T3BlbnF1YWtlSGF6YXJkU29sdXRpb246MTMyODUyNQ==,19,3991
T3BlbnF1YWtlSGF6YXJkU29sdXRpb246MTMyODUyNQ==,20,3991
T3BlbnF1YWtlSGF6YXJkU29sdXRpb246MTMyODUyNg==,0,3991
T3BlbnF1YWtlSGF6YXJkU29sdXRpb246MTMyODUyNg==,1,3991
T3BlbnF1YWtlSGF6YXJkU29sdXRpb246MTMyODUyNg==,2,3991
T3BlbnF1YWtlSGF6YXJkU29sdXRpb246MTMyODUyNg==,3,3991
T3BlbnF1YWtlSGF6YXJkU29sdXRpb246MTMyODUyNg==,4,3991
T3BlbnF1YWtlSGF6YXJkU29sdXRpb246MTMyODUyNg==,5,3991
T3BlbnF1YWtlSGF6YXJkU29sdXRpb246MTMyODUyNg==,6,3991
T3BlbnF1YWtlSGF6YXJkU29sdXRpb246MTMyODUyNg==,7,3991
T3BlbnF1YWtlSGF6YXJkU29sdXRpb246MTMyODUyNg==,8,3991
T3BlbnF1YWtlSGF6YXJkU29sdXRpb246MTMyODUyNg==,9,3991
T3BlbnF1YWtlSGF6YXJkU29sdXRpb246MTMyODUyNg==,10,3991
T3BlbnF1YWtlSGF6YXJkU29sdXRpb246MTMyODUyNg==,11,3991
T3BlbnF1YWtlSGF6YXJkU29sdXRpb246MTMyODUyNg==,12,3991
T3BlbnF1YWtlSGF6YXJkU29sdXRpb246MTMyODUyNg==,13,3991
T3BlbnF1YWtlSGF6YXJkU29sdXRpb246MTMyODUyNg==,14,3991
T3BlbnF1YWtlSGF6YXJkU29sdXRpb246MTMyODUyNg==,15,3991
T3BlbnF1YWtlSGF6YXJkU29sdXRpb246MTMyODUyNg==,16,3991
T3BlbnF1YWtlSGF6YXJkU29sdXRpb246MTMyODUyNg==,17,3991
T3BlbnF1YWtlSGF6YXJkU29sdXRpb246MTMyODUyNg==,18,3991
T3BlbnF1YWtlSGF6YXJkU29sdXRpb246MTMyODUyNg==,19,3991
T3BlbnF1YWtlSGF6YXJkU29sdXRpb246MTMyODUyNg==,20,3991
T3BlbnF1YWtlSGF6YXJkU29sdXRpb246MTMyODUyNw==,0,3991
T3BlbnF1YWtlSGF6YXJkU29sdXRpb246MTMyODUyNw==,1,3991
T3BlbnF1YWtlSGF6YXJkU29sdXRpb246MTMyODUyNw==,2,3991
T3BlbnF1YWtlSGF6YXJkU29sdXRpb246MTMyODUyNw==,3,3991
T3BlbnF1YWtlSGF6YXJkU29sdXRpb246MTMyODUyNw==,4,3991
T3BlbnF1YWtlSGF6YXJkU29sdXRpb246MTMyODUyNw==,5,3991
T3BlbnF1YWtlSGF6YXJkU29sdXRpb246MTMyODUyNw==,6,3991
T3BlbnF1YWtlSGF6YXJkU29sdXRpb246MTMyODUyNw==,7,3991
T3BlbnF1YWtlSGF6YXJkU29sdXRpb246MTMyODUyNw==,8,3991
T3BlbnF1YWtlSGF6YXJkU29sdXRpb246MTMyODUyNw==,9,3991
T3BlbnF1YWtlSGF6YXJkU29sdXRpb246MTMyODUyNw==,10,3991
T3BlbnF1YWtlSGF6YXJkU29sdXRpb246MTMyODUyNw==,11,3991
T3BlbnF1YWtlSGF6YXJkU29sdXRpb246MTMyODUyNw==,12,3991
T3BlbnF1YWtlSGF6YXJkU29sdXRpb246MTMyODUyNw==,13,3991
T3BlbnF1YWtlSGF6YXJkU29sdXRpb246MTMyODUyNw==,14,3991
T3BlbnF1YWtlSGF6YXJkU29sdXRpb246MTMyODUyNw==,15,3991
T3BlbnF1YWtlSGF6YXJkU29sdXRpb246MTMyODUyNw==,16,3991
T3BlbnF1YWtlSGF6YXJkU29sdXRpb246MTMyODUyNw==,17,3991
T3BlbnF1YWtlSGF6YXJkU29sdXRpb246MTMyODUyNw==,18,3991
T3BlbnF1YWtlSGF6YXJkU29sdXRpb246MTMyODUyNw==,19,3991
T3BlbnF1YWtlSGF6YXJkU29sdXRpb246MTMyODUyNw==,20,3991
T3BlbnF1YWtlSGF6YXJkU29sdXRpb246MTMyODUyOA==,0,3991
T3BlbnF1YWtlSGF6YXJkU29sdXRpb246MTMyODUyOA==,1,3991
T3BlbnF1YWtlSGF6YXJkU29sdXRpb246MTMyODUyOA==,2,3991
T3BlbnF1YWtlSGF6YXJkU29sdXRpb246MTMyODUyOA==,3,3991
T3BlbnF1YWtlSGF6YXJkU29sdXRpb246MTMyODUyOA==,4,3991
T3BlbnF1YWtlSGF6YXJkU29sdXRpb246MTMyODUyOA==,5,3991
T3BlbnF1YWtlSGF6YXJkU29sdXRpb246MTMyODUyOA==,6,3991
T3BlbnF1YWtlSGF6YXJkU29sdXRpb246MTMyODUyOA==,7,3991
T3BlbnF1YWtlSGF6YXJkU29sdXRpb246MTMyODUyOA==,8,3991
T3BlbnF1YWtlSGF6YXJkU29sdXRpb246MTMyODUyOA==,9,3991
T3BlbnF1YWtlSGF6YXJkU29sdXRpb246MTMyODUyOA==,10,3991
T3BlbnF1YWtlSGF6YXJkU29sdXRpb246MTMyODUyOA==,11,3991
T3BlbnF1YWtlSGF6YXJkU29sdXRpb246MTMyODUyOA==,12,3991
T3BlbnF1YWtlSGF6YXJkU29sdXRpb246MTMyODUyOA==,13,3991
T3BlbnF1YWtlSGF6YXJkU29sdXRpb246MTMyODUyOA==,14,3991
T3BlbnF1YWtlSGF6YXJkU29sdXRpb246MTMyODUyOA==,15,3991
T3BlbnF1YWtlSGF6YXJkU29sdXRpb246MTMyODUyOA==,16,3991
T3BlbnF1YWtlSGF6YXJkU29sdXRpb246MTMyODUyOA==,17,3991
T3BlbnF1YWtlSGF6YXJkU29sdXRpb246MTMyODUyOA==,18,3991
T3BlbnF1YWtlSGF6YXJkU29sdXRpb246MTMyODUyOA==,19,3991
T3BlbnF1YWtlSGF6YXJkU29sdXRpb246MTMyODUyOA==,20,3991
T3BlbnF1YWtlSGF6YXJkU29sdXRpb246MTMyODUyOQ==,0,3991
T3BlbnF1YWtlSGF6YXJkU29sdXRpb246MTMyODUyOQ==,1,3991
T3BlbnF1YWtlSGF6YXJkU29sdXRpb246MTMyODUyOQ==,2,3991
T3BlbnF1YWtlSGF6YXJkU29sdXRpb246MTMyODUyOQ==,3,3991
T3BlbnF1YWtlSGF6YXJkU29sdXRpb246MTMyODUyOQ==,4,3991
T3BlbnF1YWtlSGF6YXJkU29sdXRpb246MTMyODUyOQ==,5,3991
T3BlbnF1YWtlSGF6YXJkU29sdXRpb246MTMyODUyOQ==,6,3991
T3BlbnF1YWtlSGF6YXJkU29sdXRpb246MTMyODUyOQ==,7,3991
T3BlbnF1YWtlSGF6YXJkU29sdXRpb246MTMyODUyOQ==,8,3991
T3BlbnF1YWtlSGF6YXJkU29sdXRpb246MTMyODUyOQ==,9,3991
T3BlbnF1YWtlSGF6YXJkU29sdXRpb246MTMyODUyOQ==,10,3991
T3BlbnF1YWtlSGF6YXJkU29sdXRpb246MTMyODUyOQ==,11,3991
T3BlbnF1YWtlSGF6YXJkU29sdXRpb246MTMyODUyOQ==,12,3991
T3BlbnF1YWtlSGF6YXJkU29sdXRpb246MTMyODUyOQ==,13,3991
T3BlbnF1YWtlSGF6YXJkU29sdXRpb246MTMyODUyOQ==,14,3991
T3BlbnF1YWtlSGF6YXJkU29sdXRpb246MTMyODUyOQ==,15,3991
T3BlbnF1YWtlSGF6YXJkU29sdXRpb246MTMyODUyOQ==,16,3991
T3BlbnF1YWtlSGF6YXJkU29sdXRpb246MTMyODUyOQ==,17,3991
T3BlbnF1YWtlSGF6YXJkU29sdXRpb246MTMyODUyOQ==,18,3991
T3BlbnF1YWtlSGF6YXJkU29sdXRpb246MTMyODUyOQ==,19,3991
T3BlbnF1YWtlSGF6YXJkU29sdXRpb246MTMyODUyOQ==,20,3991
T3BlbnF1YWtlSGF6YXJkU29sdXRpb246MTMyODUzMA==,0,3991
T3BlbnF1YWtlSGF6YXJkU29sdXRpb246MTMyODUzMA==,1,3991
T3BlbnF1YWtlSGF6YXJkU29sdXRpb246MTMyODUzMA==,2,3991
T3BlbnF1YWtlSGF6YXJkU29sdXRpb246MTMyODUzMA==,3,3991
T3BlbnF1YWtlSGF6YXJkU29sdXRpb246MTMyODUzMA==,4,3991
T3BlbnF1YWtlSGF6YXJkU29sdXRpb246MTMyODUzMA==,5,3991
T3BlbnF1YWtlSGF6YXJkU29sdXRpb246MTMyODUzMA==,6,3991
T3BlbnF1YWtlSGF6YXJkU29sdXRpb246MTMyODUzMA==,7,3991
T3BlbnF1YWtlSGF6YXJkU29sdXRpb246MTMyODUzMA==,8,3991
T3BlbnF1YWtlSGF6YXJkU29sdXRpb246MTMyODUzMA==,9,3991
T3BlbnF1YWtlSGF6YXJkU29sdXRpb246MTMyODUzMA==,10,3991
T3BlbnF1YWtlSGF6YXJkU29sdXRpb246MTMyODUzMA==,11,3991
T3BlbnF1YWtlSGF6YXJkU29sdXRpb246MTMyODUzMA==,12,3991
T3BlbnF1YWtlSGF6YXJkU29sdXRpb246MTMyODUzMA==,13,3991
T3BlbnF1YWtlSGF6YXJkU29sdXRpb246MTMyODUzMA==,14,3991
T3BlbnF1YWtlSGF6YXJkU29sdXRpb246MTMyODUzMA==,15,3991
T3BlbnF1YWtlSGF6YXJkU29sdXRpb246MTMyODUzMA==,16,3991
T3BlbnF1YWtlSGF6YXJkU29sdXRpb246MTMyODUzMA==,17,3991
T3BlbnF1YWtlSGF6YXJkU29sdXRpb246MTMyODUzMA==,18,3991
T3BlbnF1YWtlSGF6YXJkU29sdXRpb246MTMyODUzMA==,19,3991
T3BlbnF1YWtlSGF6YXJkU29sdXRpb246MTMyODUzMA==,20,3991
T3BlbnF1YWtlSGF6YXJkU29sdXRpb246MTMyODUzMQ==,0,3991
T3BlbnF1YWtlSGF6YXJkU29sdXRpb246MTMyODUzMQ==,1,3991
T3BlbnF1YWtlSGF6YXJkU29sdXRpb246MTMyODUzMQ==,2,3991
T3BlbnF1YWtlSGF6YXJkU29sdXRpb246MTMyODUzMQ==,3,3991
T3BlbnF1YWtlSGF6YXJkU29sdXRpb246MTMyODUzMQ==,4,3991
T3BlbnF1YWtlSGF6YXJkU29sdXRpb246MTMyODUzMQ==,5,3991
T3BlbnF1YWtlSGF6YXJkU29sdXRpb246MTMyODUzMQ==,6,3991
T3BlbnF1YWtlSGF6YXJkU29sdXRpb246MTMyODUzMQ==,7,3991
T3BlbnF1YWtlSGF6YXJkU29sdXRpb246MTMyODUzMQ==,8,3991
T3BlbnF1YWtlSGF6YXJkU29sdXRpb246MTMyODUzMQ==,9,3991
T3BlbnF1YWtlSGF6YXJkU29sdXRpb246MTMyODUzMQ==,10,3991
T3BlbnF1YWtlSGF6YXJkU29sdXRpb246MTMyODUzMQ==,11,3991
T3BlbnF1YWtlSGF6YXJkU29sdXRpb246MTMyODUzMQ==,12,3991
T3BlbnF1YWtlSGF6YXJkU29sdXRpb246MTMyODUzMQ==,13,3991
T3BlbnF1YWtlSGF6YXJkU29sdXRpb246MTMyODUzMQ==,14,3991
T3BlbnF1YWtlSGF6YXJkU29sdXRpb246MTMyODUzMQ==,15,3991
T3BlbnF1YWtlSGF6YXJkU29sdXRpb246MTMyODUzMQ==,16,3991
T3BlbnF1YWtlSGF6YXJkU29sdXRpb246MTMyODUzMQ==,17,3991
T3BlbnF1YWtlSGF6YXJkU29sdXRpb246MTMyODUzMQ==,18,3991
T3BlbnF1YWtlSGF6YXJkU29sdXRpb246MTMyODUzMQ==,19,3991
T3BlbnF1YWtlSGF6YXJkU29sdXRpb246MTMyODUzMQ==,20,3991
T3BlbnF1YWtlSGF6YXJkU29sdXRpb246MTMyODUzMg==,0,3991
T3BlbnF1YWtlSGF6YXJkU29sdXRpb246MTMyODUzMg==,1,3991
T3BlbnF1YWtlSGF6YXJkU29sdXRpb246MTMyODUzMg==,2,3991
T3BlbnF1YWtlSGF6YXJkU29sdXRpb246MTMyODUzMg==,3,3991
T3BlbnF1YWtlSGF6YXJkU29sdXRpb246MTMyODUzMg==,4,3991
T3BlbnF1YWtlSGF6YXJkU29sdXRpb246MTMyODUzMg==,5,3991
T3BlbnF1YWtlSGF6YXJkU29sdXRpb246MTMyODUzMg==,6,3991
T3BlbnF1YWtlSGF6YXJkU29sdXRpb246MTMyODUzMg==,7,3991
T3BlbnF1YWtlSGF6YXJkU29sdXRpb246MTMyODUzMg==,8,3991
T3BlbnF1YWtlSGF6YXJkU29sdXRpb246MTMyODUzMg==,9,3991
T3BlbnF1YWtlSGF6YXJkU29sdXRpb246MTMyODUzMg==,10,3991
T3BlbnF1YWtlSGF6YXJkU29sdXRpb246MTMyODUzMg==,11,3991
T3BlbnF1YWtlSGF6YXJkU29sdXRpb246MTMyODUzMg==,12,3991
T3BlbnF1YWtlSGF6YXJkU29sdXRpb246MTMyODUzMg==,13,3991
T3BlbnF1YWtlSGF6YXJkU29sdXRpb246MTMyODUzMg==,14,3991
T3BlbnF1YWtlSGF6YXJkU29sdXRpb246MTMyODUzMg==,15,3991
T3BlbnF1YWtlSGF6YXJkU29sdXRpb246MTMyODUzMg==,16,3991
T3BlbnF1YWtlSGF6YXJkU29sdXRpb246MTMyODUzMg==,17,3991
T3BlbnF1YWtlSGF6YXJkU29sdXRpb246MTMyODUzMg==,18,3991
T3BlbnF1YWtlSGF6YXJkU29sdXRpb246MTMyODUzMg==,19,3991
T3BlbnF1YWtlSGF6YXJkU29sdXRpb246MTMyODUzMg==,20,3991
T3BlbnF1YWtlSGF6YXJkU29sdXRpb246MTMyODUzMw==,0,3991
T3BlbnF1YWtlSGF6YXJkU29sdXRpb246MTMyODUzMw==,1,3991
T3BlbnF1YWtlSGF6YXJkU29sdXRpb246MTMyODUzMw==,2,3991
T3BlbnF1YWtlSGF6YXJkU29sdXRpb246MTMyODUzMw==,3,3991
T3BlbnF1YWtlSGF6YXJkU29sdXRpb246MTMyODUzMw==,4,3991
T3BlbnF1YWtlSGF6YXJkU29sdXRpb246MTMyODUzMw==,5,3991
T3BlbnF1YWtlSGF6YXJkU29sdXRpb246MTMyODUzMw==,6,3991
T3BlbnF1YWtlSGF6YXJkU29sdXRpb246MTMyODUzMw==,7,3991
T3BlbnF1YWtlSGF6YXJkU29sdXRpb246MTMyODUzMw==,8,3991
T3BlbnF1YWtlSGF6YXJkU29sdXRpb246MTMyODUzMw==,9,3991
T3BlbnF1YWtlSGF6YXJkU29sdXRpb246MTMyODUzMw==,10,3991
T3BlbnF1YWtlSGF6YXJkU29sdXRpb246MTMyODUzMw==,11,3991
T3BlbnF1YWtlSGF6YXJkU29sdXRpb246MTMyODUzMw==,12,3991
T3BlbnF1YWtlSGF6YXJkU29sdXRpb246MTMyODUzMw==,13,3991
T3BlbnF1YWtlSGF6YXJkU29sdXRpb246MTMyODUzMw==,14,3991
T3BlbnF1YWtlSGF6YXJkU29sdXRpb246MTMyODUzMw==,15,3991
T3BlbnF1YWtlSGF6YXJkU29sdXRpb246MTMyODUzMw==,16,3991
T3BlbnF1YWtlSGF6YXJkU29sdXRpb246MTMyODUzMw==,17,3991
T3BlbnF1YWtlSGF6YXJkU29sdXRpb246MTMyODUzMw==,18,3991
T3BlbnF1YWtlSGF6YXJkU29sdXRpb246MTMyODUzMw==,19,3991
T3BlbnF1YWtlSGF6YXJkU29sdXRpb246MTMyODUzMw==,20,3991
T3BlbnF1YWtlSGF6YXJkU29sdXRpb246MTMyODUzNA==,0,3991
T3BlbnF1YWtlSGF6YXJkU29sdXRpb246MTMyODUzNA==,1,3991
T3BlbnF1YWtlSGF6YXJkU29sdXRpb246MTMyODUzNA==,2,3991
T3BlbnF1YWtlSGF6YXJkU29sdXRpb246MTMyODUzNA==,3,3991
T3BlbnF1YWtlSGF6YXJkU29sdXRpb246MTMyODUzNA==,4,3991
T3BlbnF1YWtlSGF6YXJkU29sdXRpb246MTMyODUzNA==,5,3991
T3BlbnF1YWtlSGF6YXJkU29sdXRpb246MTMyODUzNA==,6,3991
T3BlbnF1YWtlSGF6YXJkU29sdXRpb246MTMyODUzNA==,7,3991
T3BlbnF1YWtlSGF6YXJkU29sdXRpb246MTMyODUzNA==,8,3991
T3BlbnF1YWtlSGF6YXJkU29sdXRpb246MTMyODUzNA==,9,3991
T3BlbnF1YWtlSGF6YXJkU29sdXRpb246MTMyODUzNA==,10,3991
T3BlbnF1YWtlSGF6YXJkU29sdXRpb246MTMyODUzNA==,11,3991
T3BlbnF1YWtlSGF6YXJkU29sdXRpb246MTMyODUzNA==,12,3991
T3BlbnF1YWtlSGF6YXJkU29sdXRpb246MTMyODUzNA==,13,3991
T3BlbnF1YWtlSGF6YXJkU29sdXRpb246MTMyODUzNA==,14,3991
T3BlbnF1YWtlSGF6YXJkU29sdXRpb246MTMyODUzNA==,15,3991
T3BlbnF1YWtlSGF6YXJkU29sdXRpb246MTMyODUzNA==,16,3991
T3BlbnF1YWtlSGF6YXJkU29sdXRpb246MTMyODUzNA==,17,3991
T3BlbnF1YWtlSGF6YXJkU29sdXRpb246MTMyODUzNA==,18,3991
T3BlbnF1YWtlSGF6YXJkU29sdXRpb246MTMyODUzNA==,19,3991
T3BlbnF1YWtlSGF6YXJkU29sdXRpb246MTMyODUzNA==,20,3991
T3BlbnF1YWtlSGF6YXJkU29sdXRpb246MTMyODUzNQ==,0,3991
T3BlbnF1YWtlSGF6YXJkU29sdXRpb246MTMyODUzNQ==,1,3991
T3BlbnF1YWtlSGF6YXJkU29sdXRpb246MTMyODUzNQ==,2,3991
T3BlbnF1YWtlSGF6YXJkU29sdXRpb246MTMyODUzNQ==,3,3991
T3BlbnF1YWtlSGF6YXJkU29sdXRpb246MTMyODUzNQ==,4,3991
T3BlbnF1YWtlSGF6YXJkU29sdXRpb246MTMyODUzNQ==,5,3991
T3BlbnF1YWtlSGF6YXJkU29sdXRpb246MTMyODUzNQ==,6,3991
T3BlbnF1YWtlSGF6YXJkU29sdXRpb246MTMyODUzNQ==,7,3991
T3BlbnF1YWtlSGF6YXJkU29sdXRpb246MTMyODUzNQ==,8,3991
T3BlbnF1YWtlSGF6YXJkU29sdXRpb246MTMyODUzNQ==,9,3991
T3BlbnF1YWtlSGF6YXJkU29sdXRpb246MTMyODUzNQ==,10,3991
T3BlbnF1YWtlSGF6YXJkU29sdXRpb246MTMyODUzNQ==,11,3991
T3BlbnF1YWtlSGF6YXJkU29sdXRpb246MTMyODUzNQ==,12,3991
T3BlbnF1YWtlSGF6YXJkU29sdXRpb246MTMyODUzNQ==,13,3991
T3BlbnF1YWtlSGF6YXJkU29sdXRpb246MTMyODUzNQ==,14,3991
T3BlbnF1YWtlSGF6YXJkU29sdXRpb246MTMyODUzNQ==,15,3991
T3BlbnF1YWtlSGF6YXJkU29sdXRpb246MTMyODUzNQ==,16,3991
T3BlbnF1YWtlSGF6YXJkU29sdXRpb246MTMyODUzNQ==,17,3991
T3BlbnF1YWtlSGF6YXJkU29sdXRpb246MTMyODUzNQ==,18,3991
T3BlbnF1YWtlSGF6YXJkU29sdXRpb246MTMyODUzNQ==,19,3991
T3BlbnF1YWtlSGF6YXJkU29sdXRpb246MTMyODUzNQ==,20,3991
T3BlbnF1YWtlSGF6YXJkU29sdXRpb246MTMyODUzNg==,0,3991
T3BlbnF1YWtlSGF6YXJkU29sdXRpb246MTMyODUzNg==,1,3991
T3BlbnF1YWtlSGF6YXJkU29sdXRpb246MTMyODUzNg==,2,3991
T3BlbnF1YWtlSGF6YXJkU29sdXRpb246MTMyODUzNg==,3,3991
T3BlbnF1YWtlSGF6YXJkU29sdXRpb246MTMyODUzNg==,4,3991
T3BlbnF1YWtlSGF6YXJkU29sdXRpb246MTMyODUzNg==,5,3991
T3BlbnF1YWtlSGF6YXJkU29sdXRpb246MTMyODUzNg==,6,3991
T3BlbnF1YWtlSGF6YXJkU29sdXRpb246MTMyODUzNg==,7,3991
T3BlbnF1YWtlSGF6YXJkU29sdXRpb246MTMyODUzNg==,8,3991
T3BlbnF1YWtlSGF6YXJkU29sdXRpb246MTMyODUzNg==,9,3991
T3BlbnF1YWtlSGF6YXJkU29sdXRpb246MTMyODUzNg==,10,3991
T3BlbnF1YWtlSGF6YXJkU29sdXRpb246MTMyODUzNg==,11,3991
T3BlbnF1YWtlSGF6YXJkU29sdXRpb246MTMyODUzNg==,12,3991
T3BlbnF1YWtlSGF6YXJkU29sdXRpb246MTMyODUzNg==,13,3991
T3BlbnF1YWtlSGF6YXJkU29sdXRpb246MTMyODUzNg==,14,3991
T3BlbnF1YWtlSGF6YXJkU29sdXRpb246MTMyODUzNg==,15,3991
T3BlbnF1YWtlSGF6YXJkU29sdXRpb246MTMyODUzNg==,16,3991
T3BlbnF1YWtlSGF6YXJkU29sdXRpb246MTMyODUzNg==,17,3991
T3BlbnF1YWtlSGF6YXJkU29sdXRpb246MTMyODUzNg==,18,3991
T3BlbnF1YWtlSGF6YXJkU29sdXRpb246MTMyODUzNg==,19,3991
T3BlbnF1YWtlSGF6YXJkU29sdXRpb246MTMyODUzNg==,20,3991
T3BlbnF1YWtlSGF6YXJkU29sdXRpb246MTMyODUzNw==,0,3991
T3BlbnF1YWtlSGF6YXJkU29sdXRpb246MTMyODUzNw==,1,3991
T3BlbnF1YWtlSGF6YXJkU29sdXRpb246MTMyODUzNw==,2,3991
T3BlbnF1YWtlSGF6YXJkU29sdXRpb246MTMyODUzNw==,3,3991
T3BlbnF1YWtlSGF6YXJkU29sdXRpb246MTMyODUzNw==,4,3991
T3BlbnF1YWtlSGF6YXJkU29sdXRpb246MTMyODUzNw==,5,3991
T3BlbnF1YWtlSGF6YXJkU29sdXRpb246MTMyODUzNw==,6,3991
T3BlbnF1YWtlSGF6YXJkU29sdXRpb246MTMyODUzNw==,7,3991
T3BlbnF1YWtlSGF6YXJkU29sdXRpb246MTMyODUzNw==,8,3991
T3BlbnF1YWtlSGF6YXJkU29sdXRpb246MTMyODUzNw==,9,3991
T3BlbnF1YWtlSGF6YXJkU29sdXRpb246MTMyODUzNw==,10,3991
T3BlbnF1YWtlSGF6YXJkU29sdXRpb246MTMyODUzNw==,11,3991
T3BlbnF1YWtlSGF6YXJkU29sdXRpb246MTMyODUzNw==,12,3991
T3BlbnF1YWtlSGF6YXJkU29sdXRpb246MTMyODUzNw==,13,3991
T3BlbnF1YWtlSGF6YXJkU29sdXRpb246MTMyODUzNw==,14,3991
T3BlbnF1YWtlSGF6YXJkU29sdXRpb246MTMyODUzNw==,15,3991
T3BlbnF1YWtlSGF6YXJkU29sdXRpb246MTMyODUzNw==,16,3991
T3BlbnF1YWtlSGF6YXJkU29sdXRpb246MTMyODUzNw==,17,3991
T3BlbnF1YWtlSGF6YXJkU29sdXRpb246MTMyODUzNw==,18,3991
T3BlbnF1YWtlSGF6YXJkU29sdXRpb246MTMyODUzNw==,19,3991
T3BlbnF1YWtlSGF6YXJkU29sdXRpb246MTMyODUzNw==,20,3991
T3BlbnF1YWtlSGF6YXJkU29sdXRpb246MTMyODUzOA==,0,3991
T3BlbnF1YWtlSGF6YXJkU29sdXRpb246MTMyODUzOA==,1,3991
T3BlbnF1YWtlSGF6YXJkU29sdXRpb246MTMyODUzOA==,2,3991
T3BlbnF1YWtlSGF6YXJkU29sdXRpb246MTMyODUzOA==,3,3991
T3BlbnF1YWtlSGF6YXJkU29sdXRpb246MTMyODUzOA==,4,3991
T3BlbnF1YWtlSGF6YXJkU29sdXRpb246MTMyODUzOA==,5,3991
T3BlbnF1YWtlSGF6YXJkU29sdXRpb246MTMyODUzOA==,6,3991
T3BlbnF1YWtlSGF6YXJkU29sdXRpb246MTMyODUzOA==,7,3991
T3BlbnF1YWtlSGF6YXJkU29sdXRpb246MTMyODUzOA==,8,3991
T3BlbnF1YWtlSGF6YXJkU29sdXRpb246MTMyODUzOA==,9,3991
T3BlbnF1YWtlSGF6YXJkU29sdXRpb246MTMyODUzOA==,10,3991
T3BlbnF1YWtlSGF6YXJkU29sdXRpb246MTMyODUzOA==,11,3991
T3BlbnF1YWtlSGF6YXJkU29sdXRpb246MTMyODUzOA==,12,3991
T3BlbnF1YWtlSGF6YXJkU29sdXRpb246MTMyODUzOA==,13,3991
T3BlbnF1YWtlSGF6YXJkU29sdXRpb246MTMyODUzOA==,14,3991
T3BlbnF1YWtlSGF6YXJkU29sdXRpb246MTMyODUzOA==,15,3991
T3BlbnF1YWtlSGF6YXJkU29sdXRpb246MTMyODUzOA==,16,3991
T3BlbnF1YWtlSGF6YXJkU29sdXRpb246MTMyODUzOA==,17,3991
T3BlbnF1YWtlSGF6YXJkU29sdXRpb246MTMyODUzOA==,18,3991
T3BlbnF1YWtlSGF6YXJkU29sdXRpb246MTMyODUzOA==,19,3991
T3BlbnF1YWtlSGF6YXJkU29sdXRpb246MTMyODUzOA==,20,3991
T3BlbnF1YWtlSGF6YXJkU29sdXRpb246MTMyODUzOQ==,0,3991
T3BlbnF1YWtlSGF6YXJkU29sdXRpb246MTMyODUzOQ==,1,3991
T3BlbnF1YWtlSGF6YXJkU29sdXRpb246MTMyODUzOQ==,2,3991
T3BlbnF1YWtlSGF6YXJkU29sdXRpb246MTMyODUzOQ==,3,3991
T3BlbnF1YWtlSGF6YXJkU29sdXRpb246MTMyODUzOQ==,4,3991
T3BlbnF1YWtlSGF6YXJkU29sdXRpb246MTMyODUzOQ==,5,3991
T3BlbnF1YWtlSGF6YXJkU29sdXRpb246MTMyODUzOQ==,6,3991
T3BlbnF1YWtlSGF6YXJkU29sdXRpb246MTMyODUzOQ==,7,3991
T3BlbnF1YWtlSGF6YXJkU29sdXRpb246MTMyODUzOQ==,8,3991
T3BlbnF1YWtlSGF6YXJkU29sdXRpb246MTMyODUzOQ==,9,3991
T3BlbnF1YWtlSGF6YXJkU29sdXRpb246MTMyODUzOQ==,10,3991
T3BlbnF1YWtlSGF6YXJkU29sdXRpb246MTMyODUzOQ==,11,3991
T3BlbnF1YWtlSGF6YXJkU29sdXRpb246MTMyODUzOQ==,12,3991
T3BlbnF1YWtlSGF6YXJkU29sdXRpb246MTMyODUzOQ==,13,3991
T3BlbnF1YWtlSGF6YXJkU29sdXRpb246MTMyODUzOQ==,14,3991
T3BlbnF1YWtlSGF6YXJkU29sdXRpb246MTMyODUzOQ==,15,3991
T3BlbnF1YWtlSGF6YXJkU29sdXRpb246MTMyODUzOQ==,16,3991
T3BlbnF1YWtlSGF6YXJkU29sdXRpb246MTMyODUzOQ==,17,3991
T3BlbnF1YWtlSGF6YXJkU29sdXRpb246MTMyODUzOQ==,18,3991
T3BlbnF1YWtlSGF6YXJkU29sdXRpb246MTMyODUzOQ==,19,3991
T3BlbnF1YWtlSGF6YXJkU29sdXRpb246MTMyODUzOQ==,20,3991
